{
  "无FFT特征": {
    "accuracy": 0.6695,
    "f1": 0.6732575383094415,
    "precision": 0.6554379210779596,
    "recall": 0.6920731707317073,
    "auc": 0.736895645285193,
    "confusion_matrix": [
      [
        658,
        358
      ],
      [
        303,
        681
      ]
    ]
  },
  "无小波特征": {
    "accuracy": 0.632,
    "f1": 0.6660617059891107,
    "precision": 0.601639344262295,
    "recall": 0.7459349593495935,
    "auc": 0.6812293947250496,
    "confusion_matrix": [
      [
        530,
        486
      ],
      [
        250,
        734
      ]
    ]
  },
  "无MC-Dropout": {
    "accuracy": 0.6675,
    "f1": 0.7104919460165433,
    "precision": 0.6214775323686215,
    "recall": 0.8292682926829268,
    "auc": 0.7362774870366814,
    "confusion_matrix": [
      [
        519,
        497
      ],
      [
        168,
        816
      ]
    ]
  },
  "单关系图": {
    "accuracy": 0.665,
    "f1": 0.6797323135755258,
    "precision": 0.6416967509025271,
    "recall": 0.7225609756097561,
    "auc": 0.7245294795467639,
    "confusion_matrix": [
      [
        619,
        397
      ],
      [
        273,
        711
      ]
    ]
  },
  "无图结构（MLP）": {
    "accuracy": 0.709,
    "f1": 0.7259887005649718,
    "precision": 0.6859430604982206,
    "recall": 0.771,
    "auc": 0.7866690000000001,
    "confusion_matrix": [
      [
        647,
        353
      ],
      [
        229,
        771
      ]
    ]
  },
  "完整MC-RGCN★": {
    "accuracy": 0.677,
    "f1": 0.6938388625592417,
    "precision": 0.650088809946714,
    "recall": 0.7439024390243902,
    "auc": 0.7387591223353178,
    "confusion_matrix": [
      [
        622,
        394
      ],
      [
        252,
        732
      ]
    ]
  }
}