{
  "MC-RGCN（主模型）": {
    "accuracy": 0.644,
    "f1": 0.663197729422895,
    "precision": 0.620353982300885,
    "recall": 0.7123983739837398,
    "auc": 0.7048604442737341,
    "confusion_matrix": [
      [
        587,
        429
      ],
      [
        283,
        701
      ]
    ],
    "mc_uncertainty_mean": 0.6361640691757202
  },
  "LR（逻辑回归）": {
    "accuracy": 0.627,
    "f1": 0.6357421875,
    "precision": 0.6211832061068703,
    "recall": 0.651,
    "auc": 0.680265,
    "confusion_matrix": [
      [
        603,
        397
      ],
      [
        349,
        651
      ]
    ]
  },
  "SVM（支持向量机）": {
    "accuracy": 0.71,
    "f1": 0.7243346007604563,
    "precision": 0.6902173913043478,
    "recall": 0.762,
    "auc": 0.779433,
    "confusion_matrix": [
      [
        658,
        342
      ],
      [
        238,
        762
      ]
    ]
  },
  "DT（决策树）": {
    "accuracy": 0.61,
    "f1": 0.6253602305475504,
    "precision": 0.6016635859519408,
    "recall": 0.651,
    "auc": 0.6364939999999999,
    "confusion_matrix": [
      [
        569,
        431
      ],
      [
        349,
        651
      ]
    ]
  },
  "RF（随机森林）": {
    "accuracy": 0.6805,
    "f1": 0.6978723404255319,
    "precision": 0.6618834080717488,
    "recall": 0.738,
    "auc": 0.744408,
    "confusion_matrix": [
      [
        623,
        377
      ],
      [
        262,
        738
      ]
    ]
  },
  "MLP（多层感知机）": {
    "accuracy": 0.7125,
    "f1": 0.7314339093881363,
    "precision": 0.6862401402278703,
    "recall": 0.783,
    "auc": 0.7890820000000001,
    "confusion_matrix": [
      [
        642,
        358
      ],
      [
        217,
        783
      ]
    ]
  }
}