{
  "train_loss": [
    0.7079946398735046,
    0.7030811905860901,
    0.698483943939209,
    0.6979615092277527,
    0.6924217343330383,
    0.6860474348068237,
    0.6853954195976257,
    0.6837596297264099,
    0.6820083856582642,
    0.6815193891525269,
    0.6802090406417847,
    0.6787958741188049,
    0.6783921122550964,
    0.6745080351829529,
    0.6720017194747925,
    0.6733120083808899,
    0.6721102595329285,
    0.671456515789032,
    0.6710962653160095,
    0.6685908436775208,
    0.6667001247406006,
    0.664594292640686,
    0.664557695388794,
    0.6653822064399719,
    0.6604788899421692,
    0.6602739095687866,
    0.660575807094574,
    0.6583026051521301,
    0.6587048768997192,
    0.6550183892250061,
    0.6545824408531189,
    0.6546597480773926,
    0.6528357267379761,
    0.6496767997741699,
    0.650019645690918,
    0.6499932408332825,
    0.6474436521530151,
    0.650507390499115,
    0.6417346596717834,
    0.6458596587181091,
    0.6439404487609863,
    0.64255690574646,
    0.6417375206947327,
    0.6430094838142395,
    0.6378307342529297,
    0.6371283531188965,
    0.6361280679702759,
    0.6351224184036255,
    0.6356456279754639,
    0.6357443928718567,
    0.6349629759788513,
    0.6334772109985352,
    0.6307405829429626,
    0.6295835375785828,
    0.6343106627464294,
    0.6326733231544495,
    0.6277923583984375,
    0.6308966279029846,
    0.6283916234970093,
    0.6306329369544983,
    0.6349229216575623,
    0.6248160004615784,
    0.628653883934021,
    0.6270294189453125,
    0.6313336491584778,
    0.6266528367996216,
    0.6249192357063293,
    0.6319588422775269,
    0.6258300542831421,
    0.6263526082038879,
    0.6233617663383484,
    0.6227749586105347,
    0.6297853589057922,
    0.6253132820129395,
    0.6239989399909973,
    0.6234877705574036,
    0.6270660758018494,
    0.6204918622970581,
    0.6221456527709961,
    0.6206901669502258,
    0.6185051202774048,
    0.6235533356666565,
    0.6158947944641113,
    0.6206592321395874,
    0.6217280030250549,
    0.6214169859886169,
    0.6237120628356934,
    0.6198643445968628,
    0.6227441430091858,
    0.6252158284187317,
    0.620875895023346,
    0.6193723678588867,
    0.6200195550918579,
    0.6176482439041138,
    0.6188778877258301,
    0.6191949844360352
  ],
  "val_acc": [
    0.467,
    0.505,
    0.54,
    0.557,
    0.588,
    0.588,
    0.578,
    0.592,
    0.609,
    0.588,
    0.59,
    0.594,
    0.598,
    0.597,
    0.59,
    0.59,
    0.599,
    0.586,
    0.613,
    0.606,
    0.6,
    0.586,
    0.603,
    0.607,
    0.595,
    0.608,
    0.612,
    0.617,
    0.609,
    0.608,
    0.612,
    0.615,
    0.61,
    0.615,
    0.611,
    0.637,
    0.605,
    0.612,
    0.618,
    0.631,
    0.638,
    0.616,
    0.634,
    0.629,
    0.617,
    0.637,
    0.632,
    0.637,
    0.628,
    0.637,
    0.618,
    0.632,
    0.646,
    0.643,
    0.622,
    0.639,
    0.628,
    0.64,
    0.626,
    0.646,
    0.648,
    0.648,
    0.652,
    0.649,
    0.654,
    0.641,
    0.663,
    0.632,
    0.664,
    0.647,
    0.628,
    0.643,
    0.655,
    0.647,
    0.638,
    0.669,
    0.653,
    0.662,
    0.652,
    0.651,
    0.641,
    0.644,
    0.663,
    0.661,
    0.657,
    0.655,
    0.65,
    0.647,
    0.651,
    0.653,
    0.657,
    0.646,
    0.667,
    0.657,
    0.636,
    0.659
  ],
  "val_f1": [
    0.5766481334392375,
    0.6017699115044248,
    0.6254071661237784,
    0.6286672254819782,
    0.6490630323679727,
    0.6392294220665499,
    0.6245551601423488,
    0.620817843866171,
    0.6342376052385407,
    0.6135084427767354,
    0.616822429906542,
    0.6162570888468809,
    0.615678776290631,
    0.6091173617846751,
    0.6019417475728155,
    0.5972495088408645,
    0.6049261083743842,
    0.588469184890656,
    0.6126126126126126,
    0.6067864271457086,
    0.6023856858846919,
    0.593320235756385,
    0.6049751243781094,
    0.6058174523570712,
    0.5921450151057401,
    0.6072144288577155,
    0.612,
    0.6219151036525172,
    0.615535889872173,
    0.6134122287968442,
    0.618860510805501,
    0.6161515453639083,
    0.6183953033268101,
    0.6229187071498531,
    0.6152324431256182,
    0.638085742771685,
    0.6100691016781836,
    0.6096579476861167,
    0.6094069529652352,
    0.629889669007021,
    0.6283367556468172,
    0.6182902584493042,
    0.6325301204819277,
    0.6210418794688458,
    0.6111675126903553,
    0.6299694189602446,
    0.6198347107438017,
    0.6351758793969849,
    0.6116910229645094,
    0.6166842661034847,
    0.6086065573770492,
    0.6213991769547325,
    0.6445783132530121,
    0.6353421859039836,
    0.6212424849699398,
    0.6393606393606394,
    0.6227180527383367,
    0.6363636363636364,
    0.6237424547283702,
    0.6417004048582996,
    0.6408163265306123,
    0.6521739130434783,
    0.6491935483870968,
    0.656891495601173,
    0.6574257425742575,
    0.647693817468106,
    0.6619859578736209,
    0.639921722113503,
    0.676923076923077,
    0.6535819430814525,
    0.63671875,
    0.6517073170731708,
    0.6634146341463415,
    0.6542605288932419,
    0.6499032882011605,
    0.6770731707317074,
    0.6581280788177339,
    0.6737451737451737,
    0.6627906976744186,
    0.6575073601570167,
    0.6551392891450528,
    0.6509803921568628,
    0.6718597857838364,
    0.6718296224588577,
    0.6685990338164252,
    0.6692233940556088,
    0.6608527131782945,
    0.6595949855351977,
    0.6581782566111655,
    0.6666666666666666,
    0.6698748796920115,
    0.6576402321083172,
    0.6813397129186602,
    0.674264007597341,
    0.6520076481835564,
    0.673058485139022
  ]
}